link,likes
https://www.douyin.com/video/7040376929740016928,2.6w
https://www.douyin.com/video/7039640373014121742,1.8w
https://www.douyin.com/video/7038898103998598414,7.9w
https://www.douyin.com/video/7036673038154321160,3.9w
https://www.douyin.com/video/7035938112312249613,1.8w
https://www.douyin.com/video/7034448986790448421,5.4w
https://www.douyin.com/video/7033334023782944037,3.3w
https://www.douyin.com/video/7031862489763630350,3.8w
https://www.douyin.com/video/7030734396944633102,4.1w
https://www.douyin.com/video/7029621133733301534,6.9w
https://www.douyin.com/video/7028880822392392996,6.3w
https://www.douyin.com/video/7028137000276462852,6.2w
https://www.douyin.com/video/7027023354871680270,1.6w
https://www.douyin.com/video/7026283424738463010,63.5w
https://www.douyin.com/video/7025542026833775885,1.2w
https://www.douyin.com/video/7022941608710638885,3.7w
https://www.douyin.com/video/7021838847373774111,1.8w
https://www.douyin.com/video/7021092520142671134,14.5w
https://www.douyin.com/video/7020346602577546503,3.3w
https://www.douyin.com/video/7019232930794966302,7.5w
https://www.douyin.com/video/7018491464611089694,4.5w
https://www.douyin.com/video/7018117210799410463,3.2w
https://www.douyin.com/video/7016633149291531528,2.0w
https://www.douyin.com/video/7015828036650044703,13.5w
https://www.douyin.com/video/7015099278217497892,108.8w
https://www.douyin.com/video/7013983606192278798,3.9w
https://www.douyin.com/video/7013296303379664158,15.6w
https://www.douyin.com/video/7012551440954641700,2.1w
https://www.douyin.com/video/7011437955080277255,16.9w
https://www.douyin.com/video/7010695667995741447,1.2w
https://www.douyin.com/video/7009910582157593870,5.1w
https://www.douyin.com/video/7008840302819560741,8.6w
https://www.douyin.com/video/7008099573629472008,17.2w
https://www.douyin.com/video/7007356079889829133,3.2w
https://www.douyin.com/video/7006244984080878861,2.3w
https://www.douyin.com/video/7005500850030333197,5.5w
https://www.douyin.com/video/7004762197528169758,1.5w
https://www.douyin.com/video/7003962498768588045,5.2w
https://www.douyin.com/video/7003274057701526815,4.3w
https://www.douyin.com/video/7002531959427681566,1.8w
https://www.douyin.com/video/7001476490416147725,1.3w
https://www.douyin.com/video/7000305248514428191,1.1w
https://www.douyin.com/video/6999563744938315022,1.7w
https://www.douyin.com/video/6998080119491333407,8.0w
https://www.douyin.com/video/6996973165746326820,15.6w
https://www.douyin.com/video/6996529248114625829,9.5w
https://www.douyin.com/video/6995868362848947493,8.3w
https://www.douyin.com/video/6995113533377629453,4.3w
https://www.douyin.com/video/6994368022332935437,1.7w
https://www.douyin.com/video/6993937479707512078,6.5w
https://www.douyin.com/video/6993254734916259086,6.3w
https://www.douyin.com/video/6992886945089178911,1.9w
https://www.douyin.com/video/6992479299995487519,4.9w
https://www.douyin.com/video/6990963444577094942,7.6w
https://www.douyin.com/video/6989933282276166950,47.0w
https://www.douyin.com/video/6989175590322523429,1.9w
https://www.douyin.com/video/6988801594422758669,3.1w
https://www.douyin.com/video/6988058866307042574,1.7w
https://www.douyin.com/video/6987627477115997453,8.9w
https://www.douyin.com/video/6986200360218021156,12.8w
https://www.douyin.com/video/6985462271614995719,4.4w
https://www.douyin.com/video/6984719775804984584,10.1w
https://www.douyin.com/video/6984379068707802381,8.1w
https://www.douyin.com/video/6983202511133936900,5.5w
https://www.douyin.com/video/6982900323333557541,3.1w
https://www.douyin.com/video/6982122469511466277,6.2w
https://www.douyin.com/video/6981750885378477343,18.8w
https://www.douyin.com/video/6980296809012825380,4.3w
https://www.douyin.com/video/6979541602687536392,5.6w
https://www.douyin.com/video/6979153560957111565,6.0w
https://www.douyin.com/video/6978438791212141855,2.2w
https://www.douyin.com/video/6978416325014211853,33.9w
https://www.douyin.com/video/6977669104874425607,43.2w
https://www.douyin.com/video/6977298048674188557,3.4w
https://www.douyin.com/video/6976559365880876318,4.5w
https://www.douyin.com/video/6975811874273234212,1.6w
https://www.douyin.com/video/6975078507378429192,17.6w
https://www.douyin.com/video/6974740532518014238,13.9w
https://www.douyin.com/video/6974330786581384461,7.3w
https://www.douyin.com/video/6973592880094907655,3.5w
https://www.douyin.com/video/6972473598493658376,1.9w
https://www.douyin.com/video/6972102698241953032,43.5w
https://www.douyin.com/video/6971731780692938015,12.0w
https://www.douyin.com/video/6971360743484607758,1.8w
https://www.douyin.com/video/6970991866254789924,5.2w
https://www.douyin.com/video/6969876254040345892,4.2w
https://www.douyin.com/video/6969505189124394271,2.0w
https://www.douyin.com/video/6969134229594590500,4.7w
https://www.douyin.com/video/6968763502748126495,4.2w
https://www.douyin.com/video/6968392024378592519,4.1w
https://www.douyin.com/video/6967278928973090056,2.9w
https://www.douyin.com/video/6966908237622889735,21.1w
https://www.douyin.com/video/6966537026594245925,12.2w
https://www.douyin.com/video/6966165497381539080,2.9w
https://www.douyin.com/video/6965794591022779656,4.1w
https://www.douyin.com/video/6965424511147609379,2.5w
https://www.douyin.com/video/6963942807279095071,2.4w
https://www.douyin.com/video/6963196686634077454,1.2w
https://www.douyin.com/video/6962818440683998472,3.5w
https://www.douyin.com/video/6961712649461599518,5.2w
https://www.douyin.com/video/6960970411085417741,3.4w
https://www.douyin.com/video/6960231712798346530,6.4w
https://www.douyin.com/video/6959487440465726757,22.9w
https://www.douyin.com/video/6958642261462764830,4.0w
https://www.douyin.com/video/6957934030541049102,5.8w
https://www.douyin.com/video/6956888984169499912,16.0w
https://www.douyin.com/video/6956146455778184485,2.4w
https://www.douyin.com/video/6955404352148360478,2.3w
https://www.douyin.com/video/6954352657767124254,6744
https://www.douyin.com/video/6954284658045635847,2.3w
https://www.douyin.com/video/6953548281838341412,23.9w
https://www.douyin.com/video/6952806535739215118,34.1w
https://www.douyin.com/video/6951695771674709284,1.3w
https://www.douyin.com/video/6950955373553667342,3.9w
https://www.douyin.com/video/6950223362404683042,4.7w
https://www.douyin.com/video/6949725782247755039,4.5w
https://www.douyin.com/video/6949095549538749710,10.8w
https://www.douyin.com/video/6948712766374989063,16.2w
https://www.douyin.com/video/6947986096118648078,52.6w
https://www.douyin.com/video/6947225043105598751,5.0w
https://www.douyin.com/video/6946498025682455822,14.5w
https://www.douyin.com/video/6945759988094651661,10.6w
https://www.douyin.com/video/6945393872566553870,4.8w
https://www.douyin.com/video/6945014755174190349,3.0w
https://www.douyin.com/video/6944641106034330917,21.2w
https://www.douyin.com/video/6943167443854560519,1.5w
https://www.douyin.com/video/6943530091821485319,3.2w
https://www.douyin.com/video/6942785590639234312,7.8w
https://www.douyin.com/video/6938699852150885645,5.8w
https://www.douyin.com/video/6937983047182617886,5.1w
https://www.douyin.com/video/6937242006737521950,3.4w
https://www.douyin.com/video/6934995801135451399,2.9w
https://www.douyin.com/video/6931287996842986766,1.4w
https://www.douyin.com/video/6929818671279885581,5.6w
https://www.douyin.com/video/6929070741124287751,2.5w
https://www.douyin.com/video/6927578165493648647,5.7w
https://www.douyin.com/video/6926460799103913229,3.4w
https://www.douyin.com/video/6925349927396576520,1.6w
https://www.douyin.com/video/6923119739359317256,2.2w
https://www.douyin.com/video/6922007934729719048,3.2w
https://www.douyin.com/video/6920526745632328968,9.1w
https://www.douyin.com/video/6919409148954299655,1.3w
https://www.douyin.com/video/6917562215654624525,2.0w
https://www.douyin.com/video/6915201346660568327,2.4w
https://www.douyin.com/video/6914587205914643719,41.2w
https://www.douyin.com/video/6912603892140231948,2.6w
https://www.douyin.com/video/6909772043881893128,2.4w
https://www.douyin.com/video/6907536364984651016,6.7w
https://www.douyin.com/video/6906420584645790984,52.6w
https://www.douyin.com/video/6904938196916882702,3.3w
https://www.douyin.com/video/6904204135894142215,1.9w
https://www.douyin.com/video/6903455885259984135,16.6w
https://www.douyin.com/video/6901596692072631559,2.5w
https://www.douyin.com/video/6900084941200149774,3.1w
https://www.douyin.com/video/6899001088062655758,8.0w
https://www.douyin.com/video/6897887452690795789,4.4w
https://www.douyin.com/video/6896782566741822733,2.7w
https://www.douyin.com/video/6896033468543700237,10.6w
https://www.douyin.com/video/6894911786848423181,1.7w
https://www.douyin.com/video/6894176687995604232,5.8w
https://www.douyin.com/video/6893435563563666696,1.1w
https://www.douyin.com/video/6892698453089045773,1.3w
https://www.douyin.com/video/6891579227032898830,8.6w
https://www.douyin.com/video/6890836096574426382,9732
https://www.douyin.com/video/6889366173729688839,5.1w
https://www.douyin.com/video/6888612309317471501,4.4w
https://www.douyin.com/video/6887866531317959943,1.7w
https://www.douyin.com/video/6887126118613159183,10.8w
https://www.douyin.com/video/6886383661655002376,1.3w
https://www.douyin.com/video/6885271634379296014,2.9w
https://www.douyin.com/video/6884157068459117837,1.2w
https://www.douyin.com/video/6883424849813884173,8271
https://www.douyin.com/video/6882675626348760328,2.6w
https://www.douyin.com/video/6881569292916133134,1.6w
https://www.douyin.com/video/6880447696436546830,4.3w
https://www.douyin.com/video/6879711407433075976,7.1w
https://www.douyin.com/video/6878587567277608200,2.3w
https://www.douyin.com/video/6877851587537095944,7746
https://www.douyin.com/video/6877482274292550925,37.8w
https://www.douyin.com/video/6876729270518041870,2.8w
https://www.douyin.com/video/6875991888877341960,2.8w
https://www.douyin.com/video/6874882782972218632,1.7w
https://www.douyin.com/video/6874502067025693966,1.7w
https://www.douyin.com/video/6873397890220428551,1.8w
https://www.douyin.com/video/6872652302910754056,3.3w
https://www.douyin.com/video/6871910065222257928,4.5w
https://www.douyin.com/video/6870324535762111757,1.5w
https://www.douyin.com/video/6869688275091688718,1.4w
https://www.douyin.com/video/6867839768194043150,37.0w
https://www.douyin.com/video/6866723029385268488,10.1w
https://www.douyin.com/video/6865232305586195720,12.7w
https://www.douyin.com/video/6864489276168490247,4.1w
https://www.douyin.com/video/6863376888350395662,2.3w
https://www.douyin.com/video/6862275737806802183,5.4w
https://www.douyin.com/video/6860780354911898893,5.0w
https://www.douyin.com/video/6859664953687805192,32.8w
https://www.douyin.com/video/6858191689744518413,12.1w
https://www.douyin.com/video/6857440109881560327,2.8w
https://www.douyin.com/video/6855587836045905160,15.5w
https://www.douyin.com/video/6854485357887507726,5.5w
https://www.douyin.com/video/6852615035005455629,2.6w
https://www.douyin.com/video/6851512387506326792,2.0w
https://www.douyin.com/video/6850018858552593672,33.6w
https://www.douyin.com/video/6848907950585679117,4.8w
https://www.douyin.com/video/6847789528875306248,5.1w
https://www.douyin.com/video/6846679386108808462,2.9w
https://www.douyin.com/video/6845563192039574791,11.6w
https://www.douyin.com/video/6845194355716771079,2.4w
https://www.douyin.com/video/6844452526700498189,4.6w
https://www.douyin.com/video/6843708988677229832,3.9w
https://www.douyin.com/video/6842473127579110663,8.9w
https://www.douyin.com/video/6841852728294133005,2.0w
https://www.douyin.com/video/6841481628846394632,5.5w
https://www.douyin.com/video/6839996859029687560,2.1w
https://www.douyin.com/video/6839255853787319565,1.8w
https://www.douyin.com/video/6838513316097166606,9.7w
https://www.douyin.com/video/6837415842548944141,2.0w
https://www.douyin.com/video/6836656941385698574,2.8w
https://www.douyin.com/video/6835915613542599947,3.9w
https://www.douyin.com/video/6834802345260502275,5.3w
https://www.douyin.com/video/6834059476597886220,1.7w
https://www.douyin.com/video/6833322034710236428,1.2w
https://www.douyin.com/video/6832204580529409284,5.3w
https://www.douyin.com/video/6831461936463367428,4.8w
https://www.douyin.com/video/6830720257204800772,3.3w
https://www.douyin.com/video/6829609623348120844,1.7w
https://www.douyin.com/video/6828863877934009603,1.8w
https://www.douyin.com/video/6828492720617688323,3.0w
https://www.douyin.com/video/6827338507288120587,54.5w
https://www.douyin.com/video/6826643416814734604,5.4w
https://www.douyin.com/video/6825527456334761227,4.8w
https://www.douyin.com/video/6824784293286432011,1.5w
https://www.douyin.com/video/6824411399016484100,1.1w
https://www.douyin.com/video/6824039838552018179,2.2w
https://www.douyin.com/video/6821829016706714892,3.3w
https://www.douyin.com/video/6820702046958734596,16.6w
https://www.douyin.com/video/6819214656540855555,5.2w
https://www.douyin.com/video/6818842303814192388,3.2w
https://www.douyin.com/video/6818471475314576651,7.2w
https://www.douyin.com/video/6817743725012208900,8.4w
https://www.douyin.com/video/6816615567471037699,12.1w
https://www.douyin.com/video/6815876094516825344,11.8w
https://www.douyin.com/video/6815133790684384524,3.6w
https://www.douyin.com/video/6814753647625276675,3.4w
https://www.douyin.com/video/6814019975284657420,2.6w
https://www.douyin.com/video/6813278275285126411,7.9w
https://www.douyin.com/video/6812913791068671239,80.0w
https://www.douyin.com/video/6812157523248860423,3.3w
https://www.douyin.com/video/6811423346257857800,10.1w
https://www.douyin.com/video/6810682996551699720,53.2w
https://www.douyin.com/video/6809937939456445710,8.9w
https://www.douyin.com/video/6808822920652082446,7.8w
https://www.douyin.com/video/6807716736054430984,15.2w
https://www.douyin.com/video/6806968868381199624,10.5w
https://www.douyin.com/video/6806230698123431171,2.8w
https://www.douyin.com/video/6805855459669593357,78.8w
https://www.douyin.com/video/6805492796187757832,3.9w
https://www.douyin.com/video/6804748288437357832,6.7w
https://www.douyin.com/video/6802525537899236616,8.3w
https://www.douyin.com/video/6801032193352289549,3.4w
https://www.douyin.com/video/6800668991275814152,5.3w
https://www.douyin.com/video/6800289516465818893,3.6w
https://www.douyin.com/video/6799548557041896716,4.1w
https://www.douyin.com/video/6798805469499624718,3.2w
https://www.douyin.com/video/6797692595775507719,3.3w
https://www.douyin.com/video/6796966873121557768,14.3w
https://www.douyin.com/video/6796220914989092099,2.5w
https://www.douyin.com/video/6795478951859916035,2.1w
https://www.douyin.com/video/6795095933261548811,2.1w
https://www.douyin.com/video/6794661333905296653,11.1w
https://www.douyin.com/video/6794349476950723847,2.1w
https://www.douyin.com/video/6793996240968355085,13.5w
https://www.douyin.com/video/6793240152870374669,2.6w
https://www.douyin.com/video/6790617424069790983,4.8w
https://www.douyin.com/video/6789899670664563975,5.4w
https://www.douyin.com/video/6788060756316294403,3.3w
https://www.douyin.com/video/6786552954020171012,2.1w
https://www.douyin.com/video/6785382141397044487,11.5w
https://www.douyin.com/video/6784707084349967630,54.8w
https://www.douyin.com/video/6783964144396799239,4.2w
https://www.douyin.com/video/6782110246971215116,4.6w
https://www.douyin.com/video/6781374510479314189,5.3w
https://www.douyin.com/video/6780642427414842638,5.3w
https://www.douyin.com/video/6779853184404950280,5.9w
https://www.douyin.com/video/6778782821830905095,2.7w
https://www.douyin.com/video/6777655641142988044,2.3w
https://www.douyin.com/video/6776532242496818439,2.6w
https://www.douyin.com/video/6776187947503979783,63.9w
https://www.douyin.com/video/6775433517468880136,5.5w
https://www.douyin.com/video/6774315116998446347,2.0w
https://www.douyin.com/video/6773583623422545163,10.2w
https://www.douyin.com/video/6772100665947802894,1.8w
https://www.douyin.com/video/6771726032891415815,2.4w
https://www.douyin.com/video/6770976265064172807,2.7w
https://www.douyin.com/video/6769860945687743748,2.5w
https://www.douyin.com/video/6769492364399512843,5.0w
https://www.douyin.com/video/6769120913611918599,25.9w
https://www.douyin.com/video/6768749461960232195,2.1w
https://www.douyin.com/video/6767642818828684558,2.0w
https://www.douyin.com/video/6766900436822740231,16.5w
https://www.douyin.com/video/6766161155254717707,1.6w
https://www.douyin.com/video/6765036395481419011,5.0w
https://www.douyin.com/video/6764666582074543363,15.4w
https://www.douyin.com/video/6764295668447300878,2.4w
https://www.douyin.com/video/6763924321330138372,1.0w
https://www.douyin.com/video/6763560468951878920,33.0w
https://www.douyin.com/video/6762087728436759811,3.4w
https://www.douyin.com/video/6761707467886939404,5.0w
https://www.douyin.com/video/6761333730192706827,3.3w
https://www.douyin.com/video/6760583621536468237,1.8w
https://www.douyin.com/video/6759826858046409995,3.6w
https://www.douyin.com/video/6759471039664672004,4.0w
https://www.douyin.com/video/6759101311859428612,5.8w
https://www.douyin.com/video/6758728261129358606,4.3w
https://www.douyin.com/video/6758363361714375940,1.1w
https://www.douyin.com/video/6757603139840412936,2.7w
https://www.douyin.com/video/6757250355643288843,16.5w
https://www.douyin.com/video/6756131668957973764,2.4w
https://www.douyin.com/video/6755764777299053836,1.5w
https://www.douyin.com/video/6755390100433161480,2.9w
https://www.douyin.com/video/6754277078687845646,1.2w
https://www.douyin.com/video/6753906658289667331,1.7w
https://www.douyin.com/video/6753164060793048323,12.5w
https://www.douyin.com/video/6751680281499028749,1.2w
https://www.douyin.com/video/6750576244753976590,1.3w
https://www.douyin.com/video/6749824484737322247,5.7w
https://www.douyin.com/video/6749095565285510414,30.6w
https://www.douyin.com/video/6747969099877436685,4.0w
https://www.douyin.com/video/6747602572871322891,2.0w
https://www.douyin.com/video/6746113462100839691,1.0w
https://www.douyin.com/video/6745373795126742283,1.4w
https://www.douyin.com/video/6743514658784742667,9.2w
https://www.douyin.com/video/6743146016180047116,68.0w
https://www.douyin.com/video/6742402766204914951,4.4w
https://www.douyin.com/video/6742033444521381123,10.2w
https://www.douyin.com/video/6741290174338092302,6.6w
https://www.douyin.com/video/6740438308679191822,1.5w
https://www.douyin.com/video/6740189905420324108,1.5w
https://www.douyin.com/video/6739086947664383240,9695
https://www.douyin.com/video/6737588476239301896,5.2w
https://www.douyin.com/video/6735736263590137096,4.8w
https://www.douyin.com/video/6734982110513286414,4.8w
https://www.douyin.com/video/6733500536135503116,6.2w
https://www.douyin.com/video/6732390664736148750,8.5w
https://www.douyin.com/video/6730528952307191047,19.6w
https://www.douyin.com/video/6729786517767605508,53.0w
https://www.douyin.com/video/6727932007231294731,3.7w
https://www.douyin.com/video/6726821205711555844,1.6w
https://www.douyin.com/video/6725706478080052488,3.0w
https://www.douyin.com/video/6724962382516325645,2.6w
https://www.douyin.com/video/6724591833709628676,11.8w
https://www.douyin.com/video/6723131119509769476,3.6w
https://www.douyin.com/video/6723107074122812684,2.3w
https://www.douyin.com/video/6722737155849915659,28.8w
https://www.douyin.com/video/6722320172104862984,1.3w
https://www.douyin.com/video/6720528933999103236,2.7w
https://www.douyin.com/video/6720142935482109195,3.6w
https://www.douyin.com/video/6719777120152767748,2.2w
https://www.douyin.com/video/6719036928995364108,2.8w
https://www.douyin.com/video/6717912188129905934,168.1w
https://www.douyin.com/video/6717475953200680196,16.1w
https://www.douyin.com/video/6716427633502014727,5.0w
https://www.douyin.com/video/6715565602494237955,9.3w
https://www.douyin.com/video/6715221181164817675,13.7w
https://www.douyin.com/video/6714945760552570120,11.3w
https://www.douyin.com/video/6714201115308625164,21.9w
https://www.douyin.com/video/6713750361343036676,3.5w
https://www.douyin.com/video/6713747467634101511,3.2w
https://www.douyin.com/video/6713088424103906574,8.2w
https://www.douyin.com/video/6712058190915210509,3.7w
https://www.douyin.com/video/6711974762387705092,6.0w
https://www.douyin.com/video/6711603556790701319,4.1w
https://www.douyin.com/video/6710335070286138636,2.7w
https://www.douyin.com/video/6710119436940004615,14.4w
https://www.douyin.com/video/6709614130749394183,28.0w
https://www.douyin.com/video/6708692711815286024,10.0w
https://www.douyin.com/video/6708638519016967436,7.7w
https://www.douyin.com/video/6708127641951669517,14.4w
https://www.douyin.com/video/6707525236868320525,16.6w
https://www.douyin.com/video/6706996446572563723,3.6w
https://www.douyin.com/video/6706109316488809731,44.5w
https://www.douyin.com/video/6706051836899495172,2.5w
https://www.douyin.com/video/6704139006709337352,10.3w
https://www.douyin.com/video/6703807324387052803,37.0w
https://www.douyin.com/video/6703151974918933768,2.5w
https://www.douyin.com/video/6702415532517379339,1.8w
https://www.douyin.com/video/6702034464278875399,12.6w
https://www.douyin.com/video/6701958230559427843,90.5w
https://www.douyin.com/video/6701524958180330765,10.4w
https://www.douyin.com/video/6700679444790594820,3.2w
https://www.douyin.com/video/6700122102688648451,2.4w
https://www.douyin.com/video/6699611257282022659,22.8w
https://www.douyin.com/video/6697320525192056068,2.5w
https://www.douyin.com/video/6697035389024161027,8.7w
https://www.douyin.com/video/6695342860662787332,2.0w
https://www.douyin.com/video/6694979095698148611,2.6w
https://www.douyin.com/video/6694789012697140487,71.0w
https://www.douyin.com/video/6694262517595737347,1.9w
https://www.douyin.com/video/6694144943377747213,7.5w
https://www.douyin.com/video/6693463140455255304,2.6w
https://www.douyin.com/video/6693430114253802765,17.0w
https://www.douyin.com/video/6692316084718013700,12.0w
https://www.douyin.com/video/6691671584991694091,1.5w
https://www.douyin.com/video/6691568867308735752,1.5w
https://www.douyin.com/video/6691033030854757635,14.1w
https://www.douyin.com/video/6690508444702690573,25.0w
https://www.douyin.com/video/6690459251665538311,18.1w
https://www.douyin.com/video/6689556115946097933,2.0w
https://www.douyin.com/video/6689256644582460685,9.6w
https://www.douyin.com/video/6688957814049869067,8.8w
https://www.douyin.com/video/6688429020742307085,18.1w
https://www.douyin.com/video/6688227020951784711,38.0w
https://www.douyin.com/video/6687830965017939212,12.2w
https://www.douyin.com/video/6685930131023760654,2.4w
https://www.douyin.com/video/6685574921512439043,35.8w
https://www.douyin.com/video/6685230802302766344,2.9w
https://www.douyin.com/video/6684237545418657038,7.8w
https://www.douyin.com/video/6683447566463421703,2.4w
https://www.douyin.com/video/6683419957818035469,19.3w
https://www.douyin.com/video/6682686058368470286,1.7w
https://www.douyin.com/video/6682667359758454023,11.3w
https://www.douyin.com/video/6681994161761111308,6.9w
https://www.douyin.com/video/6681549940092570887,11.3w
https://www.douyin.com/video/6681133031379455239,5.1w
https://www.douyin.com/video/6680494403460533511,4.2w
https://www.douyin.com/video/6680118036080430350,3.0w
https://www.douyin.com/video/6679505937243458823,12.9w
https://www.douyin.com/video/6679000702792076555,15.8w
https://www.douyin.com/video/6678633209707646212,22.2w
https://www.douyin.com/video/6678283362559413516,2.7w
https://www.douyin.com/video/6678153995376233732,11.7w
https://www.douyin.com/video/6677809415917210892,7.1w
https://www.douyin.com/video/6676869696001740046,1.9w
https://www.douyin.com/video/6676451618038353164,2.6w
https://www.douyin.com/video/6676068671812668684,4.8w
https://www.douyin.com/video/6675688040947584270,6.3w
https://www.douyin.com/video/6674476531361778955,3.0w
https://www.douyin.com/video/6673778222905249037,4.6w
https://www.douyin.com/video/6673435965014428936,2.6w
https://www.douyin.com/video/6673363962387614989,3.8w
https://www.douyin.com/video/6672586381401033998,9.5w
https://www.douyin.com/video/6671229125472029963,66.9w
https://www.douyin.com/video/6670696076120444167,111.6w
https://www.douyin.com/video/6669674209561545992,23.9w
https://www.douyin.com/video/6668247345450323203,36.4w
https://www.douyin.com/video/6667754090073836808,3.7w
https://www.douyin.com/video/6667078551822519556,61.4w
https://www.douyin.com/video/6665832139768089859,4.3w
https://www.douyin.com/video/6665253663340088590,15.6w
https://www.douyin.com/video/6664142237061975299,22.9w
https://www.douyin.com/video/6662968012666129676,2.3w
https://www.douyin.com/video/6662964194142473485,2.6w
https://www.douyin.com/video/6662960956986887435,91.9w
https://www.douyin.com/video/6661350729053228300,3.5w
https://www.douyin.com/video/6659660866746682627,2.2w
https://www.douyin.com/video/6659641869355601156,2.5w
https://www.douyin.com/video/6658109702146182412,3.7w
https://www.douyin.com/video/6657760236251696395,2.3w
https://www.douyin.com/video/6656252124231421192,1.3w
https://www.douyin.com/video/6654331418275024135,11.7w
https://www.douyin.com/video/6653772692723993864,9.6w
https://www.douyin.com/video/6653714971861585156,4.4w
https://www.douyin.com/video/6653685539314797832,37.4w
https://www.douyin.com/video/6652282908755168524,6.8w
https://www.douyin.com/video/6651500539739688204,49.3w
https://www.douyin.com/video/6651416280689593612,13.6w
https://www.douyin.com/video/6649567729973988622,2.7w
https://www.douyin.com/video/6648175937080790279,28.2w
https://www.douyin.com/video/6647774276399140100,3.7w
https://www.douyin.com/video/6646934090207464707,2.4w
https://www.douyin.com/video/6646583080125467912,10.7w
https://www.douyin.com/video/6645496742378736904,2.0w
https://www.douyin.com/video/6644450953539882254,4.0w
https://www.douyin.com/video/6642595309253823758,61.5w
https://www.douyin.com/video/6641846940248050957,5.0w
https://www.douyin.com/video/6640366227812257037,5.1w
https://www.douyin.com/video/6637392339591499022,9.5w
https://www.douyin.com/video/6635915339219602691,3.8w
https://www.douyin.com/video/6634051839836818702,2.3w
https://www.douyin.com/video/6633719482994920717,6.2w
https://www.douyin.com/video/6633685340802518280,1.8w
https://www.douyin.com/video/6633243313904291076,3.0w
https://www.douyin.com/video/6632870068810157315,2.9w
https://www.douyin.com/video/6632227606181711111,3.7w
https://www.douyin.com/video/6631764811782819075,1.2w
https://www.douyin.com/video/6631406828695588109,9.8w
https://www.douyin.com/video/6631404328965901572,1.8w
https://www.douyin.com/video/6631032590419627267,1.8w
https://www.douyin.com/video/6630642658916191492,1.5w
https://www.douyin.com/video/6629901055150787853,8949
https://www.douyin.com/video/6629531888753052936,9300
https://www.douyin.com/video/6629206534280711431,1.2w
https://www.douyin.com/video/6628773182591470855,1.2w
https://www.douyin.com/video/6628456764364819725,8609
https://www.douyin.com/video/6628181873967238414,7553
https://www.douyin.com/video/6627752973021744392,1.9w
https://www.douyin.com/video/6627261701211294980,1.3w
https://www.douyin.com/video/6626977149968452877,2.9w
https://www.douyin.com/video/6626571637888126212,16.8w
https://www.douyin.com/video/6625565163070164227,1.1w
https://www.douyin.com/video/6625167751046499588,8.3w
https://www.douyin.com/video/6624433359416200451,1.6w
https://www.douyin.com/video/6624084845481954568,2.8w
https://www.douyin.com/video/6623603580035140877,2.1w
https://www.douyin.com/video/6622902553048780040,2.0w
https://www.douyin.com/video/6622553376011848968,51.5w
https://www.douyin.com/video/6622456841081195784,2.0w
https://www.douyin.com/video/6622212093170945293,3.1w
https://www.douyin.com/video/6621735018416835843,2.2w
https://www.douyin.com/video/6621401796277439757,2.2w
https://www.douyin.com/video/6621020229113744644,3.0w
https://www.douyin.com/video/6620635154052287747,15.0w
https://www.douyin.com/video/6620325878050065672,1.1w
https://www.douyin.com/video/6620262086196858119,1.4w
https://www.douyin.com/video/6619583263465803015,1.5w
https://www.douyin.com/video/6619265720188407048,2.5w
https://www.douyin.com/video/6619246464709168391,1.9w
https://www.douyin.com/video/6618826501036969220,9609
https://www.douyin.com/video/6618511610732350728,8147
https://www.douyin.com/video/6618176924411759876,8704
https://www.douyin.com/video/6616916607979490568,1.2w
https://www.douyin.com/video/6616902576233254157,1.3w
https://www.douyin.com/video/6616594736734014727,2.6w
